Timestep,Angular Velocity X,Angular Velocity Y,Angular Velocity Z
0.0,0.015881651519518737,0.010083212310711765,1.7694009189211335
